{
  "bis_score": 0.9667356869563661,
  "pass": true,
  "reward": 1.0,
  "regret": 0.9515462929332101,
  "stability": 0.9931749999999999,
  "adaptability": 0.8679219529554646,
  "fairness": 0.9968457077974395,
  "exploration_ratio": 0.012625
}