{
  "bis_score": 0.9690453398471436,
  "reward": 1.0,
  "regret": 0.9481289835084578,
  "stability": 0.99296,
  "adaptability": 0.8895551476849844,
  "fairness": 0.9963582181728148,
  "pass": true
}